{
  "joint_pos": [
    [
      -0.1052636057138443,
      0.09172962605953217,
      0.11517763882875443,
      0.26025277376174927,
      -0.14775921404361725,
      -0.048941437155008316,
      -0.09628903865814209,
      -0.02087293192744255,
      -0.2108508199453354,
      0.23701347410678864,
      -0.14380896091461182,
      0.025440430268645287,
      0.02204350382089615,
      0.05236969143152237,
      -0.060650065541267395,
      -0.05211884528398514,
      0.08192695677280426,
      -0.35684528946876526,
      0.9870608448982239,
      0.902993381023407,
      0.11909819394350052,
      0.008745151571929455,
      0.01707284525036812,
      -0.08150855451822281,
      0.197514146566391,
      0.8910458087921143,
      -0.8204495310783386,
      0.1241803988814354,
      -0.12947411835193634
    ]
  ],
  "root_quat": [
    [
      -0.9985862970352173,
      0.013016401790082455,
      -0.0328030027449131,
      -0.039747804403305054
    ]
  ],
  "root_pos": [
    [
      6.333571910858154,
      -3.5957908630371094,
      0.7822437882423401
    ]
  ]
}
